{
      "text": "Matthew is a C/C++ expert with a strong grasp on Java, Perl, Python, JavaScript, JSP, and PHP.  He dabbles in Objective-C, Swift, Node and Scala.",
      "quick_replies": [
        {
          "content_type":"text",
          "title":"Education",
          "payload":"Education"
        },
        {
          "content_type":"text",
          "title":"Software",
          "payload":"Software"
        },
        {
          "content_type":"text",
          "title":"Languages",
          "payload":"Languages"
        },
        {
          "content_type":"text",
          "title":"Architecture",
          "payload":"Architecture"
        },
        {
          "content_type":"text",
          "title":"Home",
          "payload":"Home"
        }
      ]
}
