{
      "attachment": {
        "type": "template",
        "payload": {
         "template_type": "generic",
          "elements": [
          {
            "title": "LinkedIn",
            "item_url": "https://www.linkedin.com/in/matthewericfisher",
            "image_url": "https://raw.githubusercontent.com/matthewericfisher/fb-robot/master/img/linkedin.png"
          }, 
          {
            "title": "Medium",
            "item_url": "https://medium.com/@matthewericfisher",
            "image_url": "https://raw.githubusercontent.com/matthewericfisher/fb-robot/master/img/medium.png"
          }, 
          {
            "title": "StackOverflow",
            "item_url": "http://stackoverflow.com/users/6577680/matthew-fisher?tab=profile",
            "image_url": "https://raw.githubusercontent.com/matthewericfisher/fb-robot/master/img/so-logo.png"
          }, 
          {
            "title": "Tumblr",
            "item_url": "https://matthewericfisher.tumblr.com",
            "image_url": "https://raw.githubusercontent.com/matthewericfisher/fb-robot/master/img/tumblr.png"
          },
          {
            "title": "YouTube",
            "item_url": "https://www.youtube.com/user/MemoryLeakDMS",
            "image_url": "https://raw.githubusercontent.com/matthewericfisher/fb-robot/master/img/youtube.png"
          } 
          ]
        }
      }
}


